{"cameraMode":{"drawMode":0,"name":"Shaded","section":"Shading Mode"},"sceneLighting":false,"audioPlay":false,"sceneViewState":{"showFog":true,"showMaterialUpdate":true,"showSkybox":false,"showFlares":true,"showImageEffects":true,"showParticleSystems":true},"in2DMode":false,"pivot":{"x":4.586045742034912,"y":3.1333751678466799,"z":1.0632586479187012},"rotation":{"x":-0.30654773116111758,"y":0.05171593651175499,"z":-0.016481375321745874,"w":-0.9504011869430542},"size":22.0,"orthographic":false}