{"cameraMode":{"drawMode":0,"name":"Shaded","section":"Shading Mode"},"sceneLighting":false,"audioPlay":false,"sceneViewState":{"showFog":true,"showMaterialUpdate":true,"showSkybox":false,"showFlares":true,"showImageEffects":true,"showParticleSystems":true},"in2DMode":false,"pivot":{"x":-0.0045814961194992069,"y":0.36579376459121706,"z":0.001399993896484375},"rotation":{"x":-0.00019435063586570323,"y":-0.9994583129882813,"z":-0.00599684240296483,"w":0.03239160776138306},"size":0.9497273564338684,"orthographic":true}