{"cameraMode":{"drawMode":0,"name":"Shaded","section":"Shading Mode"},"sceneLighting":false,"audioPlay":false,"sceneViewState":{"showFog":true,"showMaterialUpdate":true,"showSkybox":false,"showFlares":true,"showImageEffects":true,"showParticleSystems":true},"in2DMode":false,"pivot":{"x":-2.581778049468994,"y":4.157960891723633,"z":1.365123987197876},"rotation":{"x":0.138011172413826,"y":-0.7703775763511658,"z":0.17826426029205323,"w":0.5964083075523377},"size":12.119467735290528,"orthographic":false}