{"cameraMode":{"drawMode":0,"name":"Shaded","section":"Shading Mode"},"sceneLighting":false,"audioPlay":false,"sceneViewState":{"showFog":true,"showMaterialUpdate":true,"showSkybox":false,"showFlares":true,"showImageEffects":true,"showParticleSystems":true},"in2DMode":false,"pivot":{"x":-0.0045814961194992069,"y":0.34612369537353518,"z":-0.005829237401485443},"rotation":{"x":-0.0096012307330966,"y":-0.010499340482056141,"z":-0.00010240938718197867,"w":0.9999041557312012},"size":1.3776192665100098,"orthographic":false}