{"cameraMode":{"drawMode":0,"name":"Shaded","section":"Shading Mode"},"sceneLighting":true,"audioPlay":false,"sceneViewState":{"showFog":true,"showMaterialUpdate":true,"showSkybox":false,"showFlares":true,"showImageEffects":true,"showParticleSystems":true},"in2DMode":false,"pivot":{"x":9.486595153808594,"y":-2.0175352096557619,"z":10.231302261352539},"rotation":{"x":-0.30329757928848269,"y":0.42717766761779787,"z":-0.1546773612499237,"w":-0.8376505374908447},"size":12.699214935302735,"orthographic":false}