{"cameraMode":{"drawMode":0,"name":"Shaded","section":"Shading Mode"},"sceneLighting":false,"audioPlay":false,"sceneViewState":{"showFog":true,"showMaterialUpdate":true,"showSkybox":false,"showFlares":true,"showImageEffects":true,"showParticleSystems":true},"in2DMode":false,"pivot":{"x":-0.7290515899658203,"y":0.7033045291900635,"z":1.5731072425842286},"rotation":{"x":0.20015749335289002,"y":0.5456791520118713,"z":-0.13614945113658906,"w":0.8022822141647339},"size":13.161481857299805,"orthographic":false}