{"cameraMode":{"drawMode":0,"name":"Shaded","section":"Shading Mode"},"sceneLighting":false,"audioPlay":false,"sceneViewState":{"showFog":true,"showMaterialUpdate":true,"showSkybox":false,"showFlares":true,"showImageEffects":true,"showParticleSystems":true},"in2DMode":false,"pivot":{"x":0.006491929292678833,"y":0.22904786467552186,"z":0.0},"rotation":{"x":0.016658784821629525,"y":-0.2883042097091675,"z":0.005015981383621693,"w":0.9573847055435181},"size":1.6718096733093262,"orthographic":false}