{"cameraMode":{"drawMode":0,"name":"Shaded","section":"Shading Mode"},"sceneLighting":false,"audioPlay":false,"sceneViewState":{"showFog":true,"showMaterialUpdate":true,"showSkybox":false,"showFlares":true,"showImageEffects":true,"showParticleSystems":true},"in2DMode":false,"pivot":{"x":-0.23276615142822267,"y":-3.1825790405273439,"z":2.73492431640625},"rotation":{"x":-0.5344996452331543,"y":0.42848530411720278,"z":-0.36242035031318667,"w":-0.6320459246635437},"size":22.0,"orthographic":false}