{"cameraMode":{"drawMode":0,"name":"Shaded","section":"Shading Mode"},"sceneLighting":false,"audioPlay":false,"sceneViewState":{"showFog":true,"showMaterialUpdate":true,"showSkybox":false,"showFlares":true,"showImageEffects":true,"showParticleSystems":true},"in2DMode":false,"pivot":{"x":0.4177412986755371,"y":-1.142270565032959,"z":2.6866164207458498},"rotation":{"x":0.2117728590965271,"y":-0.3780980706214905,"z":0.08928658813238144,"w":0.8967846035957336},"size":15.186256408691407,"orthographic":false}