{"cameraMode":{"drawMode":0,"name":"Shaded","section":"Shading Mode"},"sceneLighting":false,"audioPlay":false,"sceneViewState":{"showFog":true,"showMaterialUpdate":true,"showSkybox":false,"showFlares":true,"showImageEffects":true,"showParticleSystems":true},"in2DMode":false,"pivot":{"x":-21.76099967956543,"y":17.970726013183595,"z":161.93499755859376},"rotation":{"x":-0.12624943256378175,"y":-0.7343757152557373,"z":0.1423000544309616,"w":-0.6515458822250366},"size":12.409326553344727,"orthographic":false}