{"cameraMode":{"drawMode":0,"name":"Shaded","section":"Shading Mode"},"sceneLighting":false,"audioPlay":false,"sceneViewState":{"showFog":true,"showMaterialUpdate":true,"showSkybox":false,"showFlares":true,"showImageEffects":true,"showParticleSystems":true},"in2DMode":false,"pivot":{"x":-10.166999816894532,"y":0.7300000190734863,"z":-13.303000450134278},"rotation":{"x":0.20335015654563905,"y":-0.12154319137334824,"z":0.025449495762586595,"w":0.9712027311325073},"size":8.998045921325684,"orthographic":false}