{"cameraMode":{"drawMode":0,"name":"Shaded","section":"Shading Mode"},"sceneLighting":false,"audioPlay":false,"sceneViewState":{"showFog":true,"showMaterialUpdate":true,"showSkybox":false,"showFlares":true,"showImageEffects":true,"showParticleSystems":true},"in2DMode":false,"pivot":{"x":0.0,"y":1.0885875225067139,"z":2.1103248596191408},"rotation":{"x":-0.13307952880859376,"y":-0.8422767519950867,"z":0.2420947551727295,"w":-0.4628884196281433},"size":10.305497169494629,"orthographic":false}