{"cameraMode":{"drawMode":0,"name":"Shaded","section":"Shading Mode"},"sceneLighting":false,"audioPlay":false,"sceneViewState":{"showFog":true,"showMaterialUpdate":true,"showSkybox":false,"showFlares":true,"showImageEffects":true,"showParticleSystems":true},"in2DMode":false,"pivot":{"x":-0.2969017028808594,"y":2.6501214504241945,"z":2.712333917617798},"rotation":{"x":-0.2184540331363678,"y":0.5709981322288513,"z":-0.1609882414340973,"w":-0.7748123407363892},"size":15.07829475402832,"orthographic":false}