{"cameraMode":{"drawMode":0,"name":"Shaded","section":"Shading Mode"},"sceneLighting":false,"audioPlay":false,"sceneViewState":{"showFog":true,"showMaterialUpdate":true,"showSkybox":false,"showFlares":true,"showImageEffects":true,"showParticleSystems":true},"in2DMode":false,"pivot":{"x":-0.0045814961194992069,"y":0.36579376459121706,"z":0.001399993896484375},"rotation":{"x":-0.002254114020615816,"y":-0.9971216917037964,"z":-0.03291718289256096,"w":0.06830760091543198},"size":1.4748976230621338,"orthographic":false}