{"cameraMode":{"drawMode":0,"name":"Shaded","section":"Shading Mode"},"sceneLighting":false,"audioPlay":false,"sceneViewState":{"showFog":true,"showMaterialUpdate":true,"showSkybox":false,"showFlares":true,"showImageEffects":true,"showParticleSystems":true},"in2DMode":false,"pivot":{"x":2.384185791015625e-7,"y":0.2799999713897705,"z":1.1874964237213135},"rotation":{"x":-0.012388241477310658,"y":-0.9876248836517334,"z":0.11397601664066315,"w":-0.10709594190120697},"size":9.73559856414795,"orthographic":false}