{"cameraMode":{"drawMode":0,"name":"Shaded","section":"Shading Mode"},"sceneLighting":false,"audioPlay":false,"sceneViewState":{"showFog":true,"showMaterialUpdate":true,"showSkybox":false,"showFlares":true,"showImageEffects":true,"showParticleSystems":true},"in2DMode":false,"pivot":{"x":-0.06945399194955826,"y":2.334766149520874,"z":0.25509461760520937},"rotation":{"x":0.004006887786090374,"y":0.8139892816543579,"z":-0.005614536814391613,"w":0.5808641910552979},"size":8.830655097961426,"orthographic":false}