{"cameraMode":{"drawMode":0,"name":"Shaded","section":"Shading Mode"},"sceneLighting":false,"audioPlay":false,"sceneViewState":{"showFog":true,"showMaterialUpdate":true,"showSkybox":false,"showFlares":true,"showImageEffects":true,"showParticleSystems":true},"in2DMode":false,"pivot":{"x":-0.2969017028808594,"y":2.6501214504241945,"z":2.712333917617798},"rotation":{"x":-0.23900055885314942,"y":0.6236135959625244,"z":-0.20860427618026734,"w":-0.7144766449928284},"size":15.07829475402832,"orthographic":false}