{"cameraMode":{"drawMode":0,"name":"Shaded","section":"Shading Mode"},"sceneLighting":false,"audioPlay":false,"sceneViewState":{"showFog":true,"showMaterialUpdate":true,"showSkybox":false,"showFlares":true,"showImageEffects":true,"showParticleSystems":true},"in2DMode":false,"pivot":{"x":0.08289885520935059,"y":-0.46295166015625,"z":-0.6000739336013794},"rotation":{"x":-0.07060985267162323,"y":-0.9271118640899658,"z":0.22393105924129487,"w":-0.29228875041007998},"size":4.0578837394714359,"orthographic":false}