{"cameraMode":{"drawMode":0,"name":"Shaded","section":"Shading Mode"},"sceneLighting":false,"audioPlay":false,"sceneViewState":{"showFog":true,"showMaterialUpdate":true,"showSkybox":false,"showFlares":true,"showImageEffects":true,"showParticleSystems":true},"in2DMode":false,"pivot":{"x":0.9600279331207275,"y":1.4141230583190919,"z":2.323580741882324},"rotation":{"x":0.2546465992927551,"y":-0.3376559615135193,"z":0.0954115018248558,"w":0.9011524319648743},"size":5.578271389007568,"orthographic":false}