{"cameraMode":{"drawMode":0,"name":"Shaded","section":"Shading Mode"},"sceneLighting":false,"audioPlay":false,"sceneViewState":{"showFog":true,"showMaterialUpdate":true,"showSkybox":false,"showFlares":true,"showImageEffects":true,"showParticleSystems":true},"in2DMode":false,"pivot":{"x":0.006491929292678833,"y":0.22904786467552186,"z":0.0},"rotation":{"x":0.05028644576668739,"y":0.05988788604736328,"z":-0.003021026263013482,"w":0.996935248374939},"size":1.6718096733093262,"orthographic":false}