{"cameraMode":{"drawMode":0,"name":"Shaded","section":"Shading Mode"},"sceneLighting":false,"audioPlay":false,"sceneViewState":{"showFog":true,"showMaterialUpdate":true,"showSkybox":false,"showFlares":true,"showImageEffects":true,"showParticleSystems":true},"in2DMode":false,"pivot":{"x":2.9189815521240236,"y":4.007699012756348,"z":7.38371467590332},"rotation":{"x":0.12314241379499436,"y":-0.744041383266449,"z":0.14193478226661683,"w":0.6414191722869873},"size":24.678911209106447,"orthographic":false}