{"cameraMode":{"drawMode":0,"name":"Shaded","section":"Shading Mode"},"sceneLighting":false,"audioPlay":false,"sceneViewState":{"showFog":true,"showMaterialUpdate":true,"showSkybox":false,"showFlares":true,"showImageEffects":true,"showParticleSystems":true},"in2DMode":false,"pivot":{"x":-0.5938034057617188,"y":5.300242900848389,"z":5.424667835235596},"rotation":{"x":0.3101765811443329,"y":-0.45182347297668459,"z":0.17005693912506104,"w":0.8191744685173035},"size":0.543056845664978,"orthographic":false}