{"cameraMode":{"drawMode":0,"name":"Shaded","section":"Shading Mode"},"sceneLighting":false,"audioPlay":false,"sceneViewState":{"showFog":true,"showMaterialUpdate":true,"showSkybox":false,"showFlares":true,"showImageEffects":true,"showParticleSystems":true},"in2DMode":false,"pivot":{"x":1.0726318359375,"y":0.38671875,"z":-12.2451171875},"rotation":{"x":0.5757321119308472,"y":0.06726603955030441,"z":-0.047605033963918689,"w":0.8134850859642029},"size":18.055395126342775,"orthographic":true}