{"cameraMode":{"drawMode":0,"name":"Shaded","section":"Shading Mode"},"sceneLighting":false,"audioPlay":false,"sceneViewState":{"showFog":true,"showMaterialUpdate":true,"showSkybox":false,"showFlares":true,"showImageEffects":true,"showParticleSystems":true},"in2DMode":false,"pivot":{"x":-1.3167266845703126,"y":5.13100528717041,"z":7.62324333190918},"rotation":{"x":-0.16541606187820435,"y":0.7885197997093201,"z":-0.23974609375,"w":-0.5420030355453491},"size":5.971577167510986,"orthographic":false}