{"cameraMode":{"drawMode":0,"name":"Shaded","section":"Shading Mode"},"sceneLighting":true,"audioPlay":false,"sceneViewState":{"showFog":true,"showMaterialUpdate":true,"showSkybox":false,"showFlares":true,"showImageEffects":true,"showParticleSystems":true},"in2DMode":false,"pivot":{"x":-9.594758033752442,"y":7.337405204772949,"z":-5.3835930824279789},"rotation":{"x":-0.2194395661354065,"y":-0.6969714164733887,"z":0.24042032659053803,"w":-0.6391853094100952},"size":18.631101608276368,"orthographic":false}