{"cameraMode":{"drawMode":0,"name":"Shaded","section":"Shading Mode"},"sceneLighting":false,"audioPlay":false,"sceneViewState":{"showFog":true,"showMaterialUpdate":true,"showSkybox":false,"showFlares":true,"showImageEffects":true,"showParticleSystems":true},"in2DMode":false,"pivot":{"x":-11.342002868652344,"y":0.0,"z":-14.335000038146973},"rotation":{"x":-0.30654773116111758,"y":0.05171593651175499,"z":-0.016481375321745874,"w":-0.9504011869430542},"size":7.144710063934326,"orthographic":false}