{"cameraMode":{"drawMode":0,"name":"Shaded","section":"Shading Mode"},"sceneLighting":false,"audioPlay":false,"sceneViewState":{"showFog":true,"showMaterialUpdate":true,"showSkybox":false,"showFlares":true,"showImageEffects":true,"showParticleSystems":true},"in2DMode":false,"pivot":{"x":-0.32299041748046877,"y":0.6015907526016235,"z":-0.9858245849609375},"rotation":{"x":-0.0029689057264477016,"y":-0.9952715635299683,"z":0.09163316339254379,"w":-0.03225003927946091},"size":8.080028533935547,"orthographic":false}